{"name":"Caelestia","type":"dark","colors":{"focusBorder":"#8F4B3A","foreground":"#231917","disabledForeground":"#83716C","widget.shadow":"#00000080","selection.background":"#8F4B3A66","descriptionForeground":"#231917","errorForeground":"#BA1A1A","icon.foreground":"#8F4B3A","sash.hoverBorder":"#8F4B3A","window.activeBorder":"#00000000","window.inactiveBorder":"#00000000","textBlockQuote.background":"#FCEAE6","textBlockQuote.border":"#F7E4E0","textCodeBlock.background":"#FFF8F6","textLink.activeForeground":"#725C0B","textLink.foreground":"#79590C","textPreformat.foreground":"#231917","textSeparator.foreground":"#8F4B3A","activityBar.background":"#F7E4E0","activityBar.foreground":"#8F4B3A","activityBar.dropBorder":"#8F4B3A33","activityBar.inactiveForeground":"#534340","activityBar.border":"#00000000","activityBarBadge.background":"#8F4B3A","activityBarBadge.foreground":"#FFFFFF","activityBar.activeBorder":"#00000000","activityBar.activeBackground":"#00000000","activityBar.activeFocusBorder":"#00000000","activityBarTop.foreground":"#8F4B3A","activityBarTop.activeBorder":"#00000000","activityBarTop.inactiveForeground":"#534340","activityBarTop.dropBorder":"#8F4B3A33","badge.background":"#FCEAE6","badge.foreground":"#231917","breadcrumb.activeSelectionForeground":"#8F4B3A","breadcrumb.background":"#FFF8F6","breadcrumb.focusForeground":"#8F4B3A","breadcrumb.foreground":"#231917cc","breadcrumbPicker.background":"#FCEAE6","button.background":"#8F4B3A","button.foreground":"#FFFFFF","button.border":"#00000000","button.separator":"#00000000","button.hoverBackground":"#a85844","button.secondaryForeground":"#231917","button.secondaryBackground":"#F1DFDA","button.secondaryHoverBackground":"#fbf5f4","checkbox.background":"#FCEAE6","checkbox.border":"#00000000","checkbox.foreground":"#8F4B3A","dropdown.background":"#FCEAE6","dropdown.listBackground":"#F1DFDA","dropdown.border":"#8F4B3A","dropdown.foreground":"#231917","debugToolBar.background":"#F1DFDA","debugToolBar.border":"#83716C","debugExceptionWidget.background":"#F7E4E0","debugExceptionWidget.border":"#8F4B3A","debugTokenExpression.number":"#8A5021","debugTokenExpression.boolean":"#66558F","debugTokenExpression.string":"#266B4A","debugTokenExpression.error":"#BA1A1A","debugIcon.breakpointForeground":"#904B3F","debugIcon.breakpointDisabledForeground":"#904B3F99","debugIcon.breakpointUnverifiedForeground":"#c1958d","debugIcon.breakpointCurrentStackframeForeground":"#F1DFDA","debugIcon.breakpointStackframeForeground":"#F1DFDA","debugIcon.startForeground":"#739900","debugIcon.pauseForeground":"#79590C","debugIcon.stopForeground":"#BA1A1A","debugIcon.disconnectForeground":"#F1DFDA","debugIcon.restartForeground":"#4E6529","debugIcon.stepOverForeground":"#66558F","debugIcon.stepIntoForeground":"#231917","debugIcon.stepOutForeground":"#231917","debugIcon.continueForeground":"#739900","debugIcon.stepBackForeground":"#F1DFDA","debugConsole.infoForeground":"#79590C","debugConsole.warningForeground":"#8A5021","debugConsole.errorForeground":"#BA1A1A","debugConsole.sourceForeground":"#8F4D30","debugConsoleInputIcon.foreground":"#231917","diffEditor.border":"#F1DFDA","diffEditor.insertedTextBackground":"#7399001a","diffEditor.removedTextBackground":"#BA1A1A1a","diffEditor.insertedLineBackground":"#73990026","diffEditor.removedLineBackground":"#BA1A1A26","diffEditor.diagonalFill":"#F1DFDA99","diffEditorOverview.insertedForeground":"#739900cc","diffEditorOverview.removedForeground":"#BA1A1Acc","editor.background":"#FFF8F6","editor.findMatchBackground":"#dec4bf","editor.findMatchBorder":"#904B3F33","editor.findMatchHighlightBackground":"#d5c9b0","editor.findMatchHighlightBorder":"#725C0B33","editor.findRangeHighlightBackground":"#d5c9b0","editor.findRangeHighlightBorder":"#725C0B33","editor.foldBackground":"#725C0B40","editor.foreground":"#231917","editor.hoverHighlightBackground":"#725C0B40","editor.lineHighlightBackground":"#23191712","editor.lineHighlightBorder":"#00000000","editor.rangeHighlightBackground":"#725C0B40","editor.rangeHighlightBorder":"#00000000","editor.selectionBackground":"#53434040","editor.selectionHighlightBackground":"#53434033","editor.selectionHighlightBorder":"#53434033","editor.wordHighlightBackground":"#53434033","editor.wordHighlightStrongBackground":"#79590C33","editorBracketMatch.background":"#5343401a","editorBracketMatch.border":"#534340","editorCodeLens.foreground":"#534340","editorCursor.background":"#FFF8F6","editorCursor.foreground":"#77574F","editorGroup.border":"#F1DFDA","editorGroup.dropBackground":"#8F4B3A33","editorGroup.emptyBackground":"#FFF8F6","editorGroupHeader.tabsBackground":"#FCEAE6","editorGutter.addedBackground":"#739900","editorGutter.background":"#FFF8F6","editorGutter.commentRangeForeground":"#FFF1ED","editorGutter.commentGlyphForeground":"#8F4B3A","editorGutter.deletedBackground":"#BA1A1A","editorGutter.foldingControlForeground":"#534340","editorGutter.modifiedBackground":"#77574F","editorHoverWidget.background":"#FFF1ED","editorHoverWidget.border":"#83716C","editorHoverWidget.foreground":"#231917","editorIndentGuide.activeBackground":"#F1DFDA","editorIndentGuide.background":"#FCEAE6","editorInlayHint.foreground":"#F1DFDA","editorInlayHint.background":"#FCEAE6bf","editorInlayHint.typeForeground":"#534340","editorInlayHint.typeBackground":"#FCEAE6bf","editorInlayHint.parameterForeground":"#83716C","editorInlayHint.parameterBackground":"#FCEAE6bf","editorLineNumber.activeForeground":"#8F4B3A","editorLineNumber.foreground":"#534340","editorLink.activeForeground":"#8F4B3A","editorMarkerNavigation.background":"#FCEAE6","editorMarkerNavigationError.background":"#BA1A1A","editorMarkerNavigationInfo.background":"#79590C","editorMarkerNavigationWarning.background":"#8A5021","editorOverviewRuler.background":"#FCEAE6","editorOverviewRuler.border":"#23191712","editorOverviewRuler.modifiedForeground":"#8D4E2A","editorRuler.foreground":"#F1DFDA","editor.stackFrameHighlightBackground":"#8D4E2A26","editor.focusedStackFrameHighlightBackground":"#266B4A26","editorStickyScrollHover.background":"#FFF1ED","editorSuggestWidget.background":"#FCEAE6","editorSuggestWidget.border":"#F1DFDA","editorSuggestWidget.foreground":"#231917","editorSuggestWidget.highlightForeground":"#8F4B3A","editorSuggestWidget.selectedBackground":"#FFF1ED","editorWhitespace.foreground":"#53434066","editorWidget.background":"#FCEAE6","editorWidget.foreground":"#231917","editorWidget.resizeBorder":"#F1DFDA","editorLightBulb.foreground":"#8D4E2A","editorError.foreground":"#BA1A1A","editorError.border":"#00000000","editorError.background":"#00000000","editorWarning.foreground":"#8A5021","editorWarning.border":"#00000000","editorWarning.background":"#00000000","editorInfo.foreground":"#79590C","editorInfo.border":"#00000000","editorInfo.background":"#00000000","problemsErrorIcon.foreground":"#BA1A1A","problemsInfoIcon.foreground":"#79590C","problemsWarningIcon.foreground":"#8A5021","extensionButton.prominentForeground":"#F7E4E0","extensionButton.prominentBackground":"#8F4B3A","extensionButton.separator":"#FFF8F6","extensionButton.prominentHoverBackground":"#a85844","extensionBadge.remoteBackground":"#79590C","extensionBadge.remoteForeground":"#F7E4E0","extensionIcon.starForeground":"#8D4E2A","extensionIcon.verifiedForeground":"#266B4A","extensionIcon.preReleaseForeground":"#F1DFDA","extensionIcon.sponsorForeground":"#805610","gitDecoration.addedResourceForeground":"#739900","gitDecoration.conflictingResourceForeground":"#66558F","gitDecoration.deletedResourceForeground":"#BA1A1A","gitDecoration.ignoredResourceForeground":"#83716C","gitDecoration.modifiedResourceForeground":"#8D4E2A","gitDecoration.stageDeletedResourceForeground":"#BA1A1A","gitDecoration.stageModifiedResourceForeground":"#8D4E2A","gitDecoration.submoduleResourceForeground":"#79590C","gitDecoration.untrackedResourceForeground":"#739900","input.background":"#FFF1ED","input.border":"#00000000","input.foreground":"#231917","input.placeholderForeground":"#23191773","inputOption.activeBackground":"#F1DFDA","inputOption.activeBorder":"#8F4B3A","inputOption.activeForeground":"#231917","inputValidation.errorBackground":"#BA1A1A","inputValidation.errorBorder":"#F7E4E033","inputValidation.errorForeground":"#F7E4E0","inputValidation.infoBackground":"#79590C","inputValidation.infoBorder":"#F7E4E033","inputValidation.infoForeground":"#F7E4E0","inputValidation.warningBackground":"#8A5021","inputValidation.warningBorder":"#F7E4E033","inputValidation.warningForeground":"#F7E4E0","list.activeSelectionBackground":"#FFF1ED","list.activeSelectionForeground":"#231917","list.dropBackground":"#8F4B3A33","list.focusBackground":"#FFF1ED","list.focusForeground":"#231917","list.focusOutline":"#00000000","list.highlightForeground":"#8F4B3A","list.hoverBackground":"#FFF1ED80","list.hoverForeground":"#231917","list.inactiveSelectionBackground":"#FFF1ED","list.inactiveSelectionForeground":"#231917","list.warningForeground":"#8A5021","listFilterWidget.background":"#FCEAE6","listFilterWidget.noMatchesOutline":"#904B3F","listFilterWidget.outline":"#00000000","tree.indentGuidesStroke":"#534340","tree.inactiveIndentGuidesStroke":"#FCEAE6","menu.background":"#FFF8F6","menu.border":"#FFF8F680","menu.foreground":"#231917","menu.selectionBackground":"#F1DFDA","menu.selectionBorder":"#00000000","menu.selectionForeground":"#231917","menu.separatorBackground":"#F1DFDA","menubar.selectionBackground":"#FCEAE6","menubar.selectionForeground":"#231917","merge.commonContentBackground":"#FCEAE6","merge.commonHeaderBackground":"#F1DFDA","merge.currentContentBackground":"#266B4A33","merge.currentHeaderBackground":"#266B4A66","merge.incomingContentBackground":"#79590C33","merge.incomingHeaderBackground":"#79590C66","minimap.background":"#FCEAE680","minimap.findMatchHighlight":"#725C0B4d","minimap.selectionHighlight":"#F1DFDAbf","minimap.selectionOccurrenceHighlight":"#F1DFDAbf","minimap.warningHighlight":"#8A5021bf","minimap.errorHighlight":"#BA1A1Abf","minimapSlider.background":"#8F4B3A33","minimapSlider.hoverBackground":"#8F4B3A66","minimapSlider.activeBackground":"#8F4B3A99","minimapGutter.addedBackground":"#266B4Abf","minimapGutter.deletedBackground":"#904B3Fbf","minimapGutter.modifiedBackground":"#8D4E2Abf","notificationCenter.border":"#8F4B3A","notificationCenterHeader.foreground":"#231917","notificationCenterHeader.background":"#FCEAE6","notificationToast.border":"#8F4B3A","notifications.foreground":"#231917","notifications.background":"#FCEAE6","notifications.border":"#8F4B3A","notificationLink.foreground":"#79590C","notificationsErrorIcon.foreground":"#BA1A1A","notificationsWarningIcon.foreground":"#8A5021","notificationsInfoIcon.foreground":"#79590C","panel.background":"#FFF8F6","panel.border":"#F1DFDA","panelSection.border":"#F1DFDA","panelSection.dropBackground":"#8F4B3A33","panelTitle.activeBorder":"#8F4B3A","panelTitle.activeForeground":"#231917","panelTitle.inactiveForeground":"#83716C","peekView.border":"#8F4B3A","peekViewEditor.background":"#FCEAE6","peekViewEditorGutter.background":"#FCEAE6","peekViewEditor.matchHighlightBackground":"#725C0B4d","peekViewEditor.matchHighlightBorder":"#00000000","peekViewResult.background":"#FCEAE6","peekViewResult.fileForeground":"#231917","peekViewResult.lineForeground":"#231917","peekViewResult.matchHighlightBackground":"#725C0B4d","peekViewResult.selectionBackground":"#FFF1ED","peekViewResult.selectionForeground":"#231917","peekViewTitle.background":"#FFF8F6","peekViewTitleDescription.foreground":"#534340b3","peekViewTitleLabel.foreground":"#231917","pickerGroup.border":"#8F4B3A","pickerGroup.foreground":"#8F4B3A","progressBar.background":"#8F4B3A","scrollbar.shadow":"#F7E4E0","scrollbarSlider.activeBackground":"#FFF1ED66","scrollbarSlider.background":"#F1DFDA80","scrollbarSlider.hoverBackground":"#83716C","settings.focusedRowBackground":"#F1DFDA33","settings.headerForeground":"#231917","settings.modifiedItemIndicator":"#8F4B3A","settings.dropdownBackground":"#FCEAE6","settings.dropdownListBorder":"#00000000","settings.textInputBackground":"#FCEAE6","settings.textInputBorder":"#00000000","settings.numberInputBackground":"#FCEAE6","settings.numberInputBorder":"#00000000","sideBar.background":"#FCEAE6","sideBar.dropBackground":"#8F4B3A33","sideBar.foreground":"#231917","sideBar.border":"#00000000","sideBarSectionHeader.background":"#FCEAE6","sideBarSectionHeader.foreground":"#231917","sideBarTitle.foreground":"#8F4B3A","banner.background":"#FCEAE6","banner.foreground":"#231917","banner.iconForeground":"#231917","statusBar.background":"#F7E4E0","statusBar.foreground":"#231917","statusBar.border":"#00000000","statusBar.noFolderBackground":"#F7E4E0","statusBar.noFolderForeground":"#231917","statusBar.noFolderBorder":"#00000000","statusBar.debuggingBackground":"#8A5021","statusBar.debuggingForeground":"#F7E4E0","statusBar.debuggingBorder":"#00000000","statusBarItem.remoteBackground":"#79590C","statusBarItem.remoteForeground":"#F7E4E0","statusBarItem.activeBackground":"#F1DFDA66","statusBarItem.hoverBackground":"#F1DFDA33","statusBarItem.prominentForeground":"#8F4B3A","statusBarItem.prominentBackground":"#00000000","statusBarItem.prominentHoverBackground":"#F1DFDA33","statusBarItem.errorForeground":"#BA1A1A","statusBarItem.errorBackground":"#00000000","statusBarItem.warningForeground":"#8A5021","statusBarItem.warningBackground":"#00000000","commandCenter.foreground":"#534340","commandCenter.inactiveForeground":"#534340","commandCenter.activeForeground":"#8F4B3A","commandCenter.background":"#FCEAE6","commandCenter.activeBackground":"#F1DFDA33","commandCenter.border":"#00000000","commandCenter.inactiveBorder":"#00000000","commandCenter.activeBorder":"#8F4B3A","tab.activeBackground":"#FFF8F6","tab.activeBorder":"#00000000","tab.activeBorderTop":"#8F4B3A","tab.activeForeground":"#8F4B3A","tab.activeModifiedBorder":"#8D4E2A","tab.border":"#FCEAE6","tab.hoverBackground":"#F7E4E0","tab.hoverBorder":"#00000000","tab.hoverForeground":"#231917","tab.inactiveBackground":"#FCEAE6","tab.inactiveForeground":"#534340","tab.inactiveModifiedBorder":"#8D4E2A4d","tab.lastPinnedBorder":"#8F4B3A","tab.unfocusedActiveBackground":"#FCEAE6","tab.unfocusedActiveBorder":"#00000000","tab.unfocusedActiveBorderTop":"#8F4B3A4d","tab.unfocusedInactiveBackground":"#FFF1ED","terminal.foreground":"#231917","terminal.ansiBlack":"#FCEAE6","terminal.ansiRed":"#904B3F","terminal.ansiGreen":"#266B4A","terminal.ansiYellow":"#8D4E2A","terminal.ansiBlue":"#79590C","terminal.ansiMagenta":"#805610","terminal.ansiCyan":"#4E6529","terminal.ansiWhite":"#534340","terminal.ansiBrightBlack":"#F1DFDA","terminal.ansiBrightRed":"#b25e50","terminal.ansiBrightGreen":"#339164","terminal.ansiBrightYellow":"#b46436","terminal.ansiBrightBlue":"#a77b11","terminal.ansiBrightMagenta":"#ad7416","terminal.ansiBrightCyan":"#6a8938","terminal.ansiBrightWhite":"#534340","terminal.selectionBackground":"#F1DFDA","terminal.inactiveSelectionBackground":"#F1DFDA80","terminalCursor.background":"#FFF8F6","terminalCursor.foreground":"#77574F","terminal.border":"#F1DFDA","terminal.dropBackground":"#8F4B3A33","terminal.tab.activeBorder":"#8F4B3A","terminalCommandDecoration.defaultBackground":"#F1DFDA","terminalCommandDecoration.successBackground":"#739900","terminalCommandDecoration.errorBackground":"#BA1A1A","titleBar.activeBackground":"#F7E4E0","titleBar.activeForeground":"#231917","titleBar.inactiveBackground":"#F7E4E0","titleBar.inactiveForeground":"#23191780","titleBar.border":"#00000000","welcomePage.tileBackground":"#FCEAE6","welcomePage.progress.background":"#F7E4E0","welcomePage.progress.foreground":"#8F4B3A","walkThrough.embeddedEditorBackground":"#FFF8F64d","symbolIcon.textForeground":"#231917","symbolIcon.arrayForeground":"#8A5021","symbolIcon.booleanForeground":"#66558F","symbolIcon.classForeground":"#8D4E2A","symbolIcon.colorForeground":"#805610","symbolIcon.constantForeground":"#8A5021","symbolIcon.constructorForeground":"#695F11","symbolIcon.enumeratorForeground":"#8D4E2A","symbolIcon.enumeratorMemberForeground":"#8D4E2A","symbolIcon.eventForeground":"#805610","symbolIcon.fieldForeground":"#231917","symbolIcon.fileForeground":"#8F4B3A","symbolIcon.folderForeground":"#8F4B3A","symbolIcon.functionForeground":"#79590C","symbolIcon.interfaceForeground":"#8D4E2A","symbolIcon.keyForeground":"#4E6529","symbolIcon.keywordForeground":"#66558F","symbolIcon.methodForeground":"#79590C","symbolIcon.moduleForeground":"#231917","symbolIcon.namespaceForeground":"#8D4E2A","symbolIcon.nullForeground":"#904947","symbolIcon.numberForeground":"#8A5021","symbolIcon.objectForeground":"#8D4E2A","symbolIcon.operatorForeground":"#4E6529","symbolIcon.packageForeground":"#8F4B3A","symbolIcon.propertyForeground":"#904947","symbolIcon.referenceForeground":"#8D4E2A","symbolIcon.snippetForeground":"#8F4B3A","symbolIcon.stringForeground":"#266B4A","symbolIcon.structForeground":"#4E6529","symbolIcon.typeParameterForeground":"#904947","symbolIcon.unitForeground":"#231917","symbolIcon.variableForeground":"#231917","charts.foreground":"#231917","charts.lines":"#534340","charts.red":"#904B3F","charts.blue":"#79590C","charts.yellow":"#8D4E2A","charts.orange":"#8A5021","charts.green":"#266B4A","charts.purple":"#66558F","errorLens.errorBackground":"#BA1A1A26","errorLens.errorBackgroundLight":"#BA1A1A26","errorLens.errorForeground":"#BA1A1A","errorLens.errorForegroundLight":"#BA1A1A","errorLens.errorMessageBackground":"#BA1A1A26","errorLens.hintBackground":"#73990026","errorLens.hintBackgroundLight":"#73990026","errorLens.hintForeground":"#739900","errorLens.hintForegroundLight":"#739900","errorLens.hintMessageBackground":"#73990026","errorLens.infoBackground":"#79590C26","errorLens.infoBackgroundLight":"#79590C26","errorLens.infoForeground":"#79590C","errorLens.infoForegroundLight":"#79590C","errorLens.infoMessageBackground":"#79590C26","errorLens.statusBarErrorForeground":"#BA1A1A","errorLens.statusBarHintForeground":"#739900","errorLens.statusBarIconErrorForeground":"#BA1A1A","errorLens.statusBarIconWarningForeground":"#8A5021","errorLens.statusBarInfoForeground":"#79590C","errorLens.statusBarWarningForeground":"#8A5021","errorLens.warningBackground":"#8A502126","errorLens.warningBackgroundLight":"#8A502126","errorLens.warningForeground":"#8A5021","errorLens.warningForegroundLight":"#8A5021","errorLens.warningMessageBackground":"#8A502126","issues.closed":"#66558F","issues.newIssueDecoration":"#8F4D30","issues.open":"#266B4A","pullRequests.closed":"#904B3F","pullRequests.draft":"#534340","pullRequests.merged":"#66558F","pullRequests.notification":"#231917","pullRequests.open":"#266B4A","gitlens.gutterBackgroundColor":"#FFF1ED4d","gitlens.gutterForegroundColor":"#231917","gitlens.gutterUncommittedForegroundColor":"#8F4B3A","gitlens.trailingLineBackgroundColor":"#00000000","gitlens.trailingLineForegroundColor":"#2319174d","gitlens.lineHighlightBackgroundColor":"#8F4B3A26","gitlens.lineHighlightOverviewRulerColor":"#8F4B3Acc","gitlens.openAutolinkedIssueIconColor":"#266B4A","gitlens.closedAutolinkedIssueIconColor":"#66558F","gitlens.closedPullRequestIconColor":"#904B3F","gitlens.openPullRequestIconColor":"#266B4A","gitlens.mergedPullRequestIconColor":"#66558F","gitlens.unpublishedChangesIconColor":"#266B4A","gitlens.unpublishedCommitIconColor":"#266B4A","gitlens.unpulledChangesIconColor":"#8A5021","gitlens.decorations.branchAheadForegroundColor":"#266B4A","gitlens.decorations.branchBehindForegroundColor":"#8A5021","gitlens.decorations.branchDivergedForegroundColor":"#8D4E2A","gitlens.decorations.branchUnpublishedForegroundColor":"#266B4A","gitlens.decorations.branchMissingUpstreamForegroundColor":"#8A5021","gitlens.decorations.statusMergingOrRebasingConflictForegroundColor":"#904947","gitlens.decorations.statusMergingOrRebasingForegroundColor":"#8D4E2A","gitlens.decorations.workspaceRepoMissingForegroundColor":"#83716C","gitlens.decorations.workspaceCurrentForegroundColor":"#8F4B3A","gitlens.decorations.workspaceRepoOpenForegroundColor":"#8F4B3A","gitlens.decorations.worktreeHasUncommittedChangesForegroundColor":"#8A5021","gitlens.decorations.worktreeMissingForegroundColor":"#904947","gitlens.graphLane1Color":"#66558F","gitlens.graphLane2Color":"#8D4E2A","gitlens.graphLane3Color":"#79590C","gitlens.graphLane4Color":"#8F4B3A","gitlens.graphLane5Color":"#266B4A","gitlens.graphLane6Color":"#695F11","gitlens.graphLane7Color":"#8F4D30","gitlens.graphLane8Color":"#904B3F","gitlens.graphLane9Color":"#4E6529","gitlens.graphLane10Color":"#805610","gitlens.graphChangesColumnAddedColor":"#739900","gitlens.graphChangesColumnDeletedColor":"#BA1A1A","gitlens.graphMinimapMarkerHeadColor":"#266B4A","gitlens.graphScrollMarkerHeadColor":"#266B4A","gitlens.graphMinimapMarkerUpstreamColor":"#1f583d","gitlens.graphScrollMarkerUpstreamColor":"#1f583d","gitlens.graphMinimapMarkerHighlightsColor":"#8D4E2A","gitlens.graphScrollMarkerHighlightsColor":"#8D4E2A","gitlens.graphMinimapMarkerLocalBranchesColor":"#79590C","gitlens.graphScrollMarkerLocalBranchesColor":"#79590C","gitlens.graphMinimapMarkerRemoteBranchesColor":"#62480a","gitlens.graphScrollMarkerRemoteBranchesColor":"#62480a","gitlens.graphMinimapMarkerStashesColor":"#66558F","gitlens.graphScrollMarkerStashesColor":"#66558F","gitlens.graphMinimapMarkerTagsColor":"#8F4B3A","gitlens.graphScrollMarkerTagsColor":"#8F4B3A","editorBracketHighlight.foreground1":"#904B3F","editorBracketHighlight.foreground2":"#8A5021","editorBracketHighlight.foreground3":"#8D4E2A","editorBracketHighlight.foreground4":"#266B4A","editorBracketHighlight.foreground5":"#855318","editorBracketHighlight.foreground6":"#66558F","editorBracketHighlight.unexpectedBracket.foreground":"#904947","button.secondaryBorder":"#8F4B3A","table.headerBackground":"#FFF1ED","table.headerForeground":"#231917","list.focusAndSelectionBackground":"#FCEAE6"},"semanticHighlighting":true,"semanticTokenColors":{"enumMember":{"foreground":"#4E6529"},"selfKeyword":{"foreground":"#904B3F"},"boolean":{"foreground":"#8A5021"},"number":{"foreground":"#8A5021"},"variable.defaultLibrary":{"foreground":"#904947"},"class:python":{"foreground":"#8D4E2A"},"class.builtin:python":{"foreground":"#66558F"},"variable.typeHint:python":{"foreground":"#8D4E2A"},"function.decorator:python":{"foreground":"#8A5021"},"variable.readonly:javascript":{"foreground":"#231917"},"variable.readonly:typescript":{"foreground":"#231917"},"property.readonly:javascript":{"foreground":"#231917"},"property.readonly:typescript":{"foreground":"#231917"},"variable.readonly:javascriptreact":{"foreground":"#231917"},"variable.readonly:typescriptreact":{"foreground":"#231917"},"property.readonly:javascriptreact":{"foreground":"#231917"},"property.readonly:typescriptreact":{"foreground":"#231917"},"variable.readonly:scala":{"foreground":"#231917"},"type.defaultLibrary:go":{"foreground":"#66558F"},"variable.readonly.defaultLibrary:go":{"foreground":"#66558F"},"tomlArrayKey":{"foreground":"#79590C","fontStyle":""},"tomlTableKey":{"foreground":"#79590C","fontStyle":""},"builtinAttribute.attribute.library:rust":{"foreground":"#79590C"},"generic.attribute:rust":{"foreground":"#231917"},"constant.builtin.readonly:nix":{"foreground":"#66558F"},"heading":{"foreground":"#904B3F"},"text.emph":{"foreground":"#904B3F","fontStyle":"italic"},"text.strong":{"foreground":"#904B3F","fontStyle":"bold"},"text.math":{"foreground":"#8F4B3A"},"pol":{"foreground":"#8F4B3A"}},"tokenColors":[{"name":"Basic text & variable names (incl. leading punctuation)","scope":["text","source","variable.other.readwrite","punctuation.definition.variable"],"settings":{"foreground":"#231917"}},{"name":"Parentheses, Brackets, Braces","scope":"punctuation","settings":{"foreground":"#534340","fontStyle":""}},{"name":"Comments","scope":["comment","punctuation.definition.comment"],"settings":{"foreground":"#534340","fontStyle":"italic"}},{"scope":["string","punctuation.definition.string"],"settings":{"foreground":"#266B4A"}},{"scope":"constant.character.escape","settings":{"foreground":"#805610"}},{"name":"Booleans, constants, numbers","scope":["constant.numeric","variable.other.constant","entity.name.constant","constant.language.boolean","constant.language.false","constant.language.true","keyword.other.unit.user-defined","keyword.other.unit.suffix.floating-point"],"settings":{"foreground":"#8A5021"}},{"scope":["keyword","keyword.operator.word","keyword.operator.new","variable.language.super","support.type.primitive","storage.type","storage.modifier","punctuation.definition.keyword"],"settings":{"foreground":"#66558F","fontStyle":""}},{"scope":"entity.name.tag.documentation","settings":{"foreground":"#66558F"}},{"name":"Punctuation","scope":["keyword.operator","punctuation.accessor","punctuation.definition.generic","meta.function.closure punctuation.section.parameters","punctuation.definition.tag","punctuation.separator.key-value"],"settings":{"foreground":"#4E6529"}},{"scope":["entity.name.function","meta.function-call.method","support.function","support.function.misc","variable.function"],"settings":{"foreground":"#79590C","fontStyle":"italic"}},{"name":"Classes","scope":["entity.name.class","entity.other.inherited-class","support.class","meta.function-call.constructor","entity.name.struct"],"settings":{"foreground":"#8D4E2A","fontStyle":"italic"}},{"name":"Enum","scope":"entity.name.enum","settings":{"foreground":"#8D4E2A","fontStyle":"italic"}},{"name":"Enum member","scope":["meta.enum variable.other.readwrite","variable.other.enummember"],"settings":{"foreground":"#4E6529"}},{"name":"Object properties","scope":"meta.property.object","settings":{"foreground":"#4E6529"}},{"name":"Types","scope":["meta.type","meta.type-alias","support.type","entity.name.type"],"settings":{"foreground":"#8D4E2A","fontStyle":"italic"}},{"name":"Decorators","scope":["meta.annotation variable.function","meta.annotation variable.annotation.function","meta.annotation punctuation.definition.annotation","meta.decorator","punctuation.decorator"],"settings":{"foreground":"#8A5021"}},{"scope":["variable.parameter","meta.function.parameters"],"settings":{"foreground":"#904947","fontStyle":"italic"}},{"name":"Built-ins","scope":["constant.language","support.function.builtin"],"settings":{"foreground":"#904B3F"}},{"scope":"entity.other.attribute-name.documentation","settings":{"foreground":"#904B3F"}},{"name":"Preprocessor directives","scope":["keyword.control.directive","punctuation.definition.directive"],"settings":{"foreground":"#8D4E2A"}},{"name":"Type parameters","scope":"punctuation.definition.typeparameters","settings":{"foreground":"#725C0B"}},{"name":"Namespaces","scope":"entity.name.namespace","settings":{"foreground":"#8D4E2A"}},{"name":"Property names (left hand assignments in json/yaml/css)","scope":"support.type.property-name.css","settings":{"foreground":"#79590C","fontStyle":""}},{"name":"This/Self keyword","scope":["variable.language.this","variable.language.this punctuation.definition.variable"],"settings":{"foreground":"#904B3F"}},{"name":"Object properties","scope":"variable.object.property","settings":{"foreground":"#231917"}},{"name":"String template interpolation","scope":["string.template variable","string variable"],"settings":{"foreground":"#231917"}},{"name":"`new` as bold","scope":"keyword.operator.new","settings":{"fontStyle":"bold"}},{"name":"C++ extern keyword","scope":"storage.modifier.specifier.extern.cpp","settings":{"foreground":"#66558F"}},{"name":"C++ scope resolution","scope":["entity.name.scope-resolution.template.call.cpp","entity.name.scope-resolution.parameter.cpp","entity.name.scope-resolution.cpp","entity.name.scope-resolution.function.definition.cpp"],"settings":{"foreground":"#8D4E2A"}},{"name":"C++ doc keywords","scope":"storage.type.class.doxygen","settings":{"fontStyle":""}},{"name":"C++ operators","scope":["storage.modifier.reference.cpp"],"settings":{"foreground":"#4E6529"}},{"name":"C# Interpolated Strings","scope":"meta.interpolation.cs","settings":{"foreground":"#231917"}},{"name":"C# xml-style docs","scope":"comment.block.documentation.cs","settings":{"foreground":"#231917"}},{"name":"Classes, reflecting the className color in JSX","scope":["source.css entity.other.attribute-name.class.css","entity.other.attribute-name.parent-selector.css punctuation.definition.entity.css"],"settings":{"foreground":"#8D4E2A"}},{"name":"Operators","scope":"punctuation.separator.operator.css","settings":{"foreground":"#4E6529"}},{"name":"Pseudo classes","scope":"source.css entity.other.attribute-name.pseudo-class","settings":{"foreground":"#4E6529"}},{"scope":"source.css constant.other.unicode-range","settings":{"foreground":"#8A5021"}},{"scope":"source.css variable.parameter.url","settings":{"foreground":"#266B4A","fontStyle":""}},{"name":"CSS vendored property names","scope":["support.type.vendored.property-name"],"settings":{"foreground":"#725C0B"}},{"name":"Less/SCSS right-hand variables (@/$-prefixed)","scope":["source.css meta.property-value variable","source.css meta.property-value variable.other.less","source.css meta.property-value variable.other.less punctuation.definition.variable.less","meta.definition.variable.scss"],"settings":{"foreground":"#904947"}},{"name":"CSS variables (--prefixed)","scope":["source.css meta.property-list variable","meta.property-list variable.other.less","meta.property-list variable.other.less punctuation.definition.variable.less"],"settings":{"foreground":"#79590C"}},{"name":"CSS Percentage values, styled the same as numbers","scope":"keyword.other.unit.percentage.css","settings":{"foreground":"#8A5021"}},{"name":"CSS Attribute selectors, styled the same as strings","scope":"source.css meta.attribute-selector","settings":{"foreground":"#266B4A"}},{"name":"JSON/YAML keys, other left-hand assignments","scope":["keyword.other.definition.ini","punctuation.support.type.property-name.json","support.type.property-name.json","punctuation.support.type.property-name.toml","support.type.property-name.toml","entity.name.tag.yaml","punctuation.support.type.property-name.yaml","support.type.property-name.yaml"],"settings":{"foreground":"#79590C","fontStyle":""}},{"name":"JSON/YAML constants","scope":["constant.language.json","constant.language.yaml"],"settings":{"foreground":"#8A5021"}},{"name":"YAML anchors","scope":["entity.name.type.anchor.yaml","variable.other.alias.yaml"],"settings":{"foreground":"#8D4E2A","fontStyle":""}},{"name":"TOML tables / ini groups","scope":["support.type.property-name.table","entity.name.section.group-title.ini"],"settings":{"foreground":"#8D4E2A"}},{"name":"TOML dates","scope":"constant.other.time.datetime.offset.toml","settings":{"foreground":"#805610"}},{"name":"YAML anchor puctuation","scope":["punctuation.definition.anchor.yaml","punctuation.definition.alias.yaml"],"settings":{"foreground":"#805610"}},{"name":"YAML triple dashes","scope":"entity.other.document.begin.yaml","settings":{"foreground":"#805610"}},{"name":"Markup Diff","scope":"markup.changed.diff","settings":{"foreground":"#8A5021"}},{"name":"Diff","scope":["meta.diff.header.from-file","meta.diff.header.to-file","punctuation.definition.from-file.diff","punctuation.definition.to-file.diff"],"settings":{"foreground":"#79590C"}},{"name":"Diff Inserted","scope":"markup.inserted.diff","settings":{"foreground":"#266B4A"}},{"name":"Diff Deleted","scope":"markup.deleted.diff","settings":{"foreground":"#904B3F"}},{"name":"dotenv left-hand side assignments","scope":["variable.other.env"],"settings":{"foreground":"#79590C"}},{"name":"dotenv reference to existing env variable","scope":["string.quoted variable.other.env"],"settings":{"foreground":"#231917"}},{"name":"GDScript functions","scope":"support.function.builtin.gdscript","settings":{"foreground":"#79590C"}},{"name":"GDScript constants","scope":"constant.language.gdscript","settings":{"foreground":"#8A5021"}},{"name":"Comment keywords","scope":"comment meta.annotation.go","settings":{"foreground":"#904947"}},{"name":"go:embed, go:build, etc.","scope":"comment meta.annotation.parameters.go","settings":{"foreground":"#8A5021"}},{"name":"Go constants (nil, true, false)","scope":"constant.language.go","settings":{"foreground":"#8A5021"}},{"name":"GraphQL variables","scope":"variable.graphql","settings":{"foreground":"#231917"}},{"name":"GraphQL aliases","scope":"string.unquoted.alias.graphql","settings":{"foreground":"#8F4B3A"}},{"name":"GraphQL enum members","scope":"constant.character.enum.graphql","settings":{"foreground":"#4E6529"}},{"name":"GraphQL field in types","scope":"meta.objectvalues.graphql constant.object.key.graphql string.unquoted.graphql","settings":{"foreground":"#8F4B3A"}},{"name":"HTML/XML DOCTYPE as keyword","scope":["keyword.other.doctype","meta.tag.sgml.doctype punctuation.definition.tag","meta.tag.metadata.doctype entity.name.tag","meta.tag.metadata.doctype punctuation.definition.tag"],"settings":{"foreground":"#66558F"}},{"name":"HTML/XML-like <tags/>","scope":["entity.name.tag"],"settings":{"foreground":"#79590C","fontStyle":""}},{"name":"Special characters like &amp;","scope":["text.html constant.character.entity","text.html constant.character.entity punctuation","constant.character.entity.xml","constant.character.entity.xml punctuation","constant.character.entity.js.jsx","constant.charactger.entity.js.jsx punctuation","constant.character.entity.tsx","constant.character.entity.tsx punctuation"],"settings":{"foreground":"#904B3F"}},{"name":"HTML/XML tag attribute values","scope":["entity.other.attribute-name"],"settings":{"foreground":"#8D4E2A"}},{"name":"Components","scope":["support.class.component","support.class.component.jsx","support.class.component.tsx","support.class.component.vue"],"settings":{"foreground":"#805610","fontStyle":""}},{"name":"Annotations","scope":["punctuation.definition.annotation","storage.type.annotation"],"settings":{"foreground":"#8A5021"}},{"name":"Java enums","scope":"constant.other.enum.java","settings":{"foreground":"#4E6529"}},{"name":"Java imports","scope":"storage.modifier.import.java","settings":{"foreground":"#231917"}},{"name":"Javadoc","scope":"comment.block.javadoc.java keyword.other.documentation.javadoc.java","settings":{"fontStyle":""}},{"name":"Exported Variable","scope":"meta.export variable.other.readwrite.js","settings":{"foreground":"#904947"}},{"name":"JS/TS constants & properties","scope":["variable.other.constant.js","variable.other.constant.ts","variable.other.property.js","variable.other.property.ts"],"settings":{"foreground":"#231917"}},{"name":"JSDoc; these are mainly params, so styled as such","scope":["variable.other.jsdoc","comment.block.documentation variable.other"],"settings":{"foreground":"#904947","fontStyle":""}},{"name":"JSDoc keywords","scope":"storage.type.class.jsdoc","settings":{"fontStyle":""}},{"scope":"support.type.object.console.js","settings":{"foreground":"#231917"}},{"name":"Node constants as keywords (module, etc.)","scope":["support.constant.node","support.type.object.module.js"],"settings":{"foreground":"#66558F"}},{"name":"implements as keyword","scope":"storage.modifier.implements","settings":{"foreground":"#66558F"}},{"name":"Builtin types","scope":["constant.language.null.js","constant.language.null.ts","constant.language.undefined.js","constant.language.undefined.ts","support.type.builtin.ts"],"settings":{"foreground":"#66558F"}},{"scope":"variable.parameter.generic","settings":{"foreground":"#8D4E2A"}},{"name":"Arrow functions","scope":["keyword.declaration.function.arrow.js","storage.type.function.arrow.ts"],"settings":{"foreground":"#4E6529"}},{"name":"Decorator punctuations (decorators inherit from blue functions, instead of styleguide peach)","scope":"punctuation.decorator.ts","settings":{"foreground":"#79590C","fontStyle":"italic"}},{"name":"Extra JS/TS keywords","scope":["keyword.operator.expression.in.js","keyword.operator.expression.in.ts","keyword.operator.expression.infer.ts","keyword.operator.expression.instanceof.js","keyword.operator.expression.instanceof.ts","keyword.operator.expression.is","keyword.operator.expression.keyof.ts","keyword.operator.expression.of.js","keyword.operator.expression.of.ts","keyword.operator.expression.typeof.ts"],"settings":{"foreground":"#66558F"}},{"name":"Julia macros","scope":"support.function.macro.julia","settings":{"foreground":"#4E6529","fontStyle":"italic"}},{"name":"Julia language constants (true, false)","scope":"constant.language.julia","settings":{"foreground":"#8A5021"}},{"name":"Julia other constants (these seem to be arguments inside arrays)","scope":"constant.other.symbol.julia","settings":{"foreground":"#904947"}},{"name":"LaTeX preamble","scope":"text.tex keyword.control.preamble","settings":{"foreground":"#4E6529"}},{"name":"LaTeX be functions","scope":"text.tex support.function.be","settings":{"foreground":"#725C0B"}},{"name":"LaTeX math","scope":"constant.other.general.math.tex","settings":{"foreground":"#8F4B3A"}},{"name":"Liquid Builtin Objects & User Defined Variables","scope":"variable.language.liquid","settings":{"foreground":"#805610"}},{"name":"Lua docstring keywords","scope":"comment.line.double-dash.documentation.lua storage.type.annotation.lua","settings":{"foreground":"#66558F","fontStyle":""}},{"name":"Lua docstring variables","scope":["comment.line.double-dash.documentation.lua entity.name.variable.lua","comment.line.double-dash.documentation.lua variable.lua"],"settings":{"foreground":"#231917"}},{"scope":["heading.1.markdown punctuation.definition.heading.markdown","heading.1.markdown","heading.1.quarto punctuation.definition.heading.quarto","heading.1.quarto","markup.heading.atx.1.mdx","markup.heading.atx.1.mdx punctuation.definition.heading.mdx","markup.heading.setext.1.markdown","markup.heading.heading-0.asciidoc"],"settings":{"foreground":"#904B3F"}},{"scope":["heading.2.markdown punctuation.definition.heading.markdown","heading.2.markdown","heading.2.quarto punctuation.definition.heading.quarto","heading.2.quarto","markup.heading.atx.2.mdx","markup.heading.atx.2.mdx punctuation.definition.heading.mdx","markup.heading.setext.2.markdown","markup.heading.heading-1.asciidoc"],"settings":{"foreground":"#8A5021"}},{"scope":["heading.3.markdown punctuation.definition.heading.markdown","heading.3.markdown","heading.3.quarto punctuation.definition.heading.quarto","heading.3.quarto","markup.heading.atx.3.mdx","markup.heading.atx.3.mdx punctuation.definition.heading.mdx","markup.heading.heading-2.asciidoc"],"settings":{"foreground":"#8D4E2A"}},{"scope":["heading.4.markdown punctuation.definition.heading.markdown","heading.4.markdown","heading.4.quarto punctuation.definition.heading.quarto","heading.4.quarto","markup.heading.atx.4.mdx","markup.heading.atx.4.mdx punctuation.definition.heading.mdx","markup.heading.heading-3.asciidoc"],"settings":{"foreground":"#266B4A"}},{"scope":["heading.5.markdown punctuation.definition.heading.markdown","heading.5.markdown","heading.5.quarto punctuation.definition.heading.quarto","heading.5.quarto","markup.heading.atx.5.mdx","markup.heading.atx.5.mdx punctuation.definition.heading.mdx","markup.heading.heading-4.asciidoc"],"settings":{"foreground":"#855318"}},{"scope":["heading.6.markdown punctuation.definition.heading.markdown","heading.6.markdown","heading.6.quarto punctuation.definition.heading.quarto","heading.6.quarto","markup.heading.atx.6.mdx","markup.heading.atx.6.mdx punctuation.definition.heading.mdx","markup.heading.heading-5.asciidoc"],"settings":{"foreground":"#695F11"}},{"scope":"markup.bold","settings":{"foreground":"#904B3F","fontStyle":"bold"}},{"scope":"markup.italic","settings":{"foreground":"#904B3F","fontStyle":"italic"}},{"scope":"markup.strikethrough","settings":{"foreground":"#83716C","fontStyle":"strikethrough"}},{"name":"Markdown auto links","scope":["punctuation.definition.link","markup.underline.link"],"settings":{"foreground":"#79590C"}},{"name":"Markdown links","scope":["text.html.markdown punctuation.definition.link.title","text.html.quarto punctuation.definition.link.title","string.other.link.title.markdown","string.other.link.title.quarto","markup.link","punctuation.definition.constant.markdown","punctuation.definition.constant.quarto","constant.other.reference.link.markdown","constant.other.reference.link.quarto","markup.substitution.attribute-reference"],"settings":{"foreground":"#695F11"}},{"name":"Markdown code spans","scope":["punctuation.definition.raw.markdown","punctuation.definition.raw.quarto","markup.inline.raw.string.markdown","markup.inline.raw.string.quarto","markup.raw.block.markdown","markup.raw.block.quarto"],"settings":{"foreground":"#266B4A"}},{"name":"Markdown triple backtick language identifier","scope":"fenced_code.block.language","settings":{"foreground":"#725C0B"}},{"name":"Markdown triple backticks","scope":["markup.fenced_code.block punctuation.definition","markup.raw support.asciidoc"],"settings":{"foreground":"#534340"}},{"name":"Markdown quotes","scope":["markup.quote","punctuation.definition.quote.begin"],"settings":{"foreground":"#805610"}},{"name":"Markdown separators","scope":"meta.separator.markdown","settings":{"foreground":"#4E6529"}},{"name":"Markdown list bullets","scope":["punctuation.definition.list.begin.markdown","punctuation.definition.list.begin.quarto","markup.list.bullet"],"settings":{"foreground":"#4E6529"}},{"name":"Quarto headings","scope":"markup.heading.quarto","settings":{"fontStyle":"bold"}},{"name":"Nix attribute names","scope":["entity.other.attribute-name.multipart.nix","entity.other.attribute-name.single.nix"],"settings":{"foreground":"#79590C"}},{"name":"Nix parameter names","scope":"variable.parameter.name.nix","settings":{"foreground":"#231917","fontStyle":""}},{"name":"Nix interpolated parameter names","scope":"meta.embedded variable.parameter.name.nix","settings":{"foreground":"#695F11","fontStyle":""}},{"name":"Nix paths","scope":"string.unquoted.path.nix","settings":{"foreground":"#805610","fontStyle":""}},{"name":"PHP Attributes","scope":["support.attribute.builtin","meta.attribute.php"],"settings":{"foreground":"#8D4E2A"}},{"name":"PHP Parameters (needed for the leading dollar sign)","scope":"meta.function.parameters.php punctuation.definition.variable.php","settings":{"foreground":"#904947"}},{"name":"PHP Constants (null, __FILE__, etc.)","scope":"constant.language.php","settings":{"foreground":"#66558F"}},{"name":"PHP functions","scope":"text.html.php support.function","settings":{"foreground":"#725C0B"}},{"name":"PHPdoc keywords","scope":"keyword.other.phpdoc.php","settings":{"fontStyle":""}},{"name":"Python argument functions reset to onSurface, otherwise they inherit blue from function-call","scope":["support.variable.magic.python","meta.function-call.arguments.python"],"settings":{"foreground":"#231917"}},{"name":"Python double underscore functions","scope":["support.function.magic.python"],"settings":{"foreground":"#725C0B","fontStyle":"italic"}},{"name":"Python `self` keyword","scope":["variable.parameter.function.language.special.self.python","variable.language.special.self.python"],"settings":{"foreground":"#904B3F","fontStyle":"italic"}},{"name":"python keyword flow/logical (for ... in)","scope":["keyword.control.flow.python","keyword.operator.logical.python"],"settings":{"foreground":"#66558F"}},{"name":"python storage type","scope":"storage.type.function.python","settings":{"foreground":"#66558F"}},{"name":"python function support","scope":["support.token.decorator.python","meta.function.decorator.identifier.python"],"settings":{"foreground":"#725C0B"}},{"name":"python function calls","scope":["meta.function-call.python"],"settings":{"foreground":"#79590C"}},{"name":"python function decorators","scope":["entity.name.function.decorator.python","punctuation.definition.decorator.python"],"settings":{"foreground":"#8A5021","fontStyle":"italic"}},{"name":"python placeholder reset to normal string","scope":"constant.character.format.placeholder.other.python","settings":{"foreground":"#805610"}},{"name":"Python exception & builtins such as exit()","scope":["support.type.exception.python","support.function.builtin.python"],"settings":{"foreground":"#8A5021"}},{"name":"entity.name.type","scope":["support.type.python"],"settings":{"foreground":"#8A5021"}},{"name":"python constants (True/False)","scope":"constant.language.python","settings":{"foreground":"#66558F"}},{"name":"Arguments accessed later in the function body","scope":["meta.indexed-name.python","meta.item-access.python"],"settings":{"foreground":"#904947","fontStyle":"italic"}},{"name":"Python f-strings/binary/unicode storage types","scope":"storage.type.string.python","settings":{"foreground":"#266B4A","fontStyle":"italic"}},{"name":"Python type hints","scope":"meta.function.parameters.python","settings":{"fontStyle":""}},{"name":"Regex string begin/end in JS/TS","scope":["string.regexp punctuation.definition.string.begin","string.regexp punctuation.definition.string.end"],"settings":{"foreground":"#805610"}},{"name":"Regex anchors (^, $)","scope":"keyword.control.anchor.regexp","settings":{"foreground":"#66558F"}},{"name":"Regex regular string match","scope":"string.regexp.ts","settings":{"foreground":"#231917"}},{"name":"Regex group parenthesis & backreference (\\1, \\2, \\3, ...)","scope":["punctuation.definition.group.regexp","keyword.other.back-reference.regexp"],"settings":{"foreground":"#266B4A"}},{"name":"Regex character class []","scope":"punctuation.definition.character-class.regexp","settings":{"foreground":"#8D4E2A"}},{"name":"Regex character classes (\\d, \\w, \\s)","scope":"constant.other.character-class.regexp","settings":{"foreground":"#805610"}},{"name":"Regex range","scope":"constant.other.character-class.range.regexp","settings":{"foreground":"#8F4D30"}},{"name":"Regex quantifier","scope":"keyword.operator.quantifier.regexp","settings":{"foreground":"#4E6529"}},{"name":"Regex constant/numeric","scope":"constant.character.numeric.regexp","settings":{"foreground":"#8A5021"}},{"name":"Regex lookaheads, negative lookaheads, lookbehinds, negative lookbehinds","scope":["punctuation.definition.group.no-capture.regexp","meta.assertion.look-ahead.regexp","meta.assertion.negative-look-ahead.regexp"],"settings":{"foreground":"#79590C"}},{"name":"Rust attribute","scope":["meta.annotation.rust","meta.annotation.rust punctuation","meta.attribute.rust","punctuation.definition.attribute.rust"],"settings":{"foreground":"#8D4E2A","fontStyle":"italic"}},{"name":"Rust attribute strings","scope":["meta.attribute.rust string.quoted.double.rust","meta.attribute.rust string.quoted.single.char.rust"],"settings":{"fontStyle":""}},{"name":"Rust keyword","scope":["entity.name.function.macro.rules.rust","storage.type.module.rust","storage.modifier.rust","storage.type.struct.rust","storage.type.enum.rust","storage.type.trait.rust","storage.type.union.rust","storage.type.impl.rust","storage.type.rust","storage.type.function.rust","storage.type.type.rust"],"settings":{"foreground":"#66558F","fontStyle":""}},{"name":"Rust u/i32, u/i64, etc.","scope":"entity.name.type.numeric.rust","settings":{"foreground":"#66558F","fontStyle":""}},{"name":"Rust generic","scope":"meta.generic.rust","settings":{"foreground":"#8A5021"}},{"name":"Rust impl","scope":"entity.name.impl.rust","settings":{"foreground":"#8D4E2A","fontStyle":"italic"}},{"name":"Rust module","scope":"entity.name.module.rust","settings":{"foreground":"#8A5021"}},{"name":"Rust trait","scope":"entity.name.trait.rust","settings":{"foreground":"#8D4E2A","fontStyle":"italic"}},{"name":"Rust struct","scope":"storage.type.source.rust","settings":{"foreground":"#8D4E2A"}},{"name":"Rust union","scope":"entity.name.union.rust","settings":{"foreground":"#8D4E2A"}},{"name":"Rust enum member","scope":"meta.enum.rust storage.type.source.rust","settings":{"foreground":"#4E6529"}},{"name":"Rust macro","scope":["support.macro.rust","meta.macro.rust support.function.rust","entity.name.function.macro.rust"],"settings":{"foreground":"#79590C","fontStyle":"italic"}},{"name":"Rust lifetime","scope":["storage.modifier.lifetime.rust","entity.name.type.lifetime"],"settings":{"foreground":"#79590C","fontStyle":"italic"}},{"name":"Rust string formatting","scope":"string.quoted.double.rust constant.other.placeholder.rust","settings":{"foreground":"#805610"}},{"name":"Rust return type generic","scope":"meta.function.return-type.rust meta.generic.rust storage.type.rust","settings":{"foreground":"#231917"}},{"name":"Rust functions","scope":"meta.function.call.rust","settings":{"foreground":"#79590C"}},{"name":"Rust angle brackets","scope":"punctuation.brackets.angle.rust","settings":{"foreground":"#725C0B"}},{"name":"Rust constants","scope":"constant.other.caps.rust","settings":{"foreground":"#8A5021"}},{"name":"Rust function parameters","scope":["meta.function.definition.rust variable.other.rust"],"settings":{"foreground":"#904947"}},{"name":"Rust closure variables","scope":"meta.function.call.rust variable.other.rust","settings":{"foreground":"#231917"}},{"name":"Rust self","scope":"variable.language.self.rust","settings":{"foreground":"#904B3F"}},{"name":"Rust metavariable names","scope":["variable.other.metavariable.name.rust","meta.macro.metavariable.rust keyword.operator.macro.dollar.rust"],"settings":{"foreground":"#805610"}},{"name":"Shell shebang","scope":["comment.line.shebang","comment.line.shebang punctuation.definition.comment","comment.line.shebang","punctuation.definition.comment.shebang.shell","meta.shebang.shell"],"settings":{"foreground":"#805610","fontStyle":"italic"}},{"name":"Shell shebang command","scope":"comment.line.shebang constant.language","settings":{"foreground":"#4E6529","fontStyle":"italic"}},{"name":"Shell interpolated command","scope":["meta.function-call.arguments.shell punctuation.definition.variable.shell","meta.function-call.arguments.shell punctuation.section.interpolation","meta.function-call.arguments.shell punctuation.definition.variable.shell","meta.function-call.arguments.shell punctuation.section.interpolation"],"settings":{"foreground":"#904B3F"}},{"name":"Shell interpolated command variable","scope":"meta.string meta.interpolation.parameter.shell variable.other.readwrite","settings":{"foreground":"#8A5021","fontStyle":"italic"}},{"scope":["source.shell punctuation.section.interpolation","punctuation.definition.evaluation.backticks.shell"],"settings":{"foreground":"#4E6529"}},{"name":"Shell EOF","scope":"entity.name.tag.heredoc.shell","settings":{"foreground":"#66558F"}},{"name":"Shell quoted variable","scope":"string.quoted.double.shell variable.other.normal.shell","settings":{"foreground":"#231917"}}]}